x, y, z, ux, uy, uz, masse, radius, time, name
4.03969e+08, 1.52323e+08, 0, 11.0844, 6.16278, 0, 2e+30, 1.3627e+09, 6.57504e+07, Sun
8.0766e+10, 1.19902e+11, 0, -25077.2, 17426.5, 0, 6e+24, 1.96618e+07, 6.57504e+07, Earth
2.48632e+11, -3.87992e+10, 0, 3670.55, 22668.9, 0, 6.42e+23, 9.33507e+06, 6.57504e+07, Mars
-2.30918e+11, 1.35236e+11, 0, -18444.6, -6160.09, 0, 3.30104e+23, 7.47881e+06, 6.57504e+07, Mercury
-1.06524e+11, 2.38847e+10, 0, -9071.49, -32863.3, 0, 4.86732e+24, 1.83375e+07, 6.57504e+07, Venus
4.32791e+11, 7.59325e+11, 0, -10324.6, 7713.99, 0, 1.89813e+27, 1.33947e+08, 6.57504e+07, Jupiter
1.37755e+12, 5.97582e+11, 0, -3786.44, 8570.03, 0, 5.68319e+26, 8.96132e+07, 6.57504e+07, Saturn
2.97452e+12, 4.34522e+11, 0, -967.65, 6562.21, 0, 8.68103e+25, 4.79062e+07, 6.57504e+07, Uranus
4.52286e+12, 3.58629e+11, 0, -424.706, 5443.25, 0, 1.0241e+26, 5.0619e+07, 6.57504e+07, Neptune
